"(PDH-CSV 4.0) (SE Asia Standard Time)(-420)","\\LAPTOP-13D8LAOO\Memory\Page Faults/sec","\\LAPTOP-13D8LAOO\Memory\Pages Input/sec","\\LAPTOP-13D8LAOO\Memory\Pages/sec","\\LAPTOP-13D8LAOO\Memory\Available MBytes","\\LAPTOP-13D8LAOO\Memory\% Committed Bytes In Use","\\LAPTOP-13D8LAOO\Paging File(_Total)\% Usage"
"12/20/2025 21:23:51.664"," "," "," ","2050","47.984319261271579649","6.0812809828697895753"
"12/20/2025 21:23:52.656","14618.430247663722184","2167.8209901912900932","2167.8209901912900932","2048","47.894441789922872488","5.7020901792066123193"
"12/20/2025 21:23:53.653","4862.759881930184747","0","0","2053","47.889766992975438598","5.7020901792066123193"
"12/20/2025 21:23:54.650","5354.6039806571707231","17.06566697997223514","17.06566697997223514","2050","47.864789061216825417","5.7020901792066123193"
"12/20/2025 21:23:55.664","28395.186279739478778","53.253917935120753668","53.253917935120753668","2025","48.030832560740137183","5.7020901792066123193"
"12/20/2025 21:23:56.660","6453.3031396238238813","16.06048378192271997","16.06048378192271997","2023","48.006597917528495145","5.7020901792066123193"
"12/20/2025 21:23:57.659","4613.9359887207338033","0","0","2024","48.00194267835512818","5.7020901792066123193"
"12/20/2025 21:23:58.662","73088.820978763498715","54.852020219850885496","54.852020219850885496","2095","47.633083199065431756","5.7020901792066123193"
"12/20/2025 21:23:59.660","29420.679670671834174","23.031061993310377289","23.031061993310377289","2099","47.606560040173718562","5.7020901792066123193"
"12/20/2025 21:24:00.658","17593.925465733937017","18.038884619686196942","18.038884619686196942","2080","47.700036537763672584","5.7020901792066123193"
"12/20/2025 21:24:01.661","12348.723895413773789","445.61876009122119058","445.61876009122119058","2062","47.770804038217946186","5.7020901792066123193"
"12/20/2025 21:24:02.664","5155.4362534943256833","0","0","2074","47.718853095480909587","5.7020901792066123193"
"12/20/2025 21:24:03.667","4451.0804235283758317","0","0","2071","47.730276046257998246","5.7020901792066123193"
"12/20/2025 21:24:04.665","5941.5681309001538466","22.054074384984541979","22.054074384984541979","2072","47.743615845158601019","5.7020901792066123193"
"12/20/2025 21:24:05.667","34989.29219053612178","7.9856880498770115295","7.9856880498770115295","2030","48.059800674221428096","5.7020901792066123193"
"12/20/2025 21:24:06.660","37875.315946592811088","16.115869881272374187","16.115869881272374187","1978","48.196895618037530085","5.7010577529565304999"
"12/20/2025 21:24:07.657","4091.6932212411202272","0","0","1991","48.108309076192860232","5.7010577529565304999"
"12/20/2025 21:24:08.655","22266.276304000708478","0","0","1931","48.490567050988452991","5.7010577529565304999"
"12/20/2025 21:24:09.656","59714.827729036856908","48.882798602071666494","48.882798602071666494","2081","47.673963254241726872","5.7010577529565304999"
"12/20/2025 21:24:10.651","16719.200222506893624","0","0","2066","47.754823637137846504","5.7000253267064477924"
"12/20/2025 21:24:11.669","18858.576688319579262","0","0","2023","48.014558769765905311","5.7000253267064477924"
"12/20/2025 21:24:12.651","8236.6729054288425687","16.290082384037265939","16.290082384037265939","2025","47.980896278280042111","5.7000253267064477924"
"12/20/2025 21:24:13.665","6114.7327390442887918","0","0","2022","47.998500137589523717","5.7000253267064477924"
"12/20/2025 21:24:14.660","6852.1998575706966221","0","0","2017","48.040319082336573331","5.7000253267064477924"
"12/20/2025 21:24:15.664","9387.9005175450020033","0","0","2014","48.121648898376534476","5.7000253267064477924"
"12/20/2025 21:24:16.666","4513.7490712784147036","0","0","2014","48.096084186829642704","5.7000253267064477924"
"12/20/2025 21:24:17.665","3781.812646036958995","0","0","2018","48.057531739598495335","5.7000253267064477924"
"12/20/2025 21:24:18.660","4028.4670301962278245","0","0","2019","48.052641783853211166","5.7000253267064477924"
"12/20/2025 21:24:19.661","6350.4554173750902919","1215.9383642142047393","1215.9383642142047393","2015","48.068974248149658024","5.7000253267064477924"
"12/20/2025 21:24:20.655","10566.566755070120053","34.202519961194219889","34.202519961194219889","2012","48.113101243067788459","5.7000253267064477924"
"12/20/2025 21:24:21.656","5174.4216717048757346","0","0","2008","48.105062159734096383","5.7000253267064477924"
"12/20/2025 21:24:22.655","4218.7462466670403956","0","0","2017","48.075057367811687925","5.7000253267064477924"
"12/20/2025 21:24:23.650","13895.193897049135558","54.270249561742609501","54.270249561742609501","2001","48.206871130551881777","5.6989929004563650849"
"12/20/2025 21:24:24.669","7103.0035670156694323","0","0","1997","48.224025114491588795","5.6989929004563650849"
"12/20/2025 21:24:25.668","172520.30264108153642","13944.763370701110034","13944.763370701110034","1760","49.47648084477439312","5.6979604742062814893"
"12/20/2025 21:24:26.671","71659.799090782486019","3388.7965708008455294","3388.7965708008455294","1702","49.902944068867469696","5.6979604742062814893"
"12/20/2025 21:24:27.653","108598.24552067028708","4662.1771929105543677","4662.1771929105543677","1722","49.777761066746379015","5.6979604742062814893"
"12/20/2025 21:24:28.669","34531.075803450454259","1435.6378650224889952","1435.6378650224889952","1677","49.879785196362014688","5.6969280479561987818"
"12/20/2025 21:24:29.651","5676.9309816394625159","0","0","1691","49.848645937128146954","5.6969280479561987818"
"12/20/2025 21:24:30.663","8063.4327329105799436","0","0","1690","49.866543186331760751","5.6969280479561987818"
"12/20/2025 21:24:31.658","6198.5030147995412335","18.086084335612213181","18.086084335612213181","1694","49.847178941091328852","5.6958956217061169625"
"12/20/2025 21:24:32.653","4593.7661197443039782","3.0136230831473675984","3.0136230831473675984","1711","49.730132857740422025","5.6958956217061169625"
"12/20/2025 21:24:33.649","13256.410470124072162","449.88045531517190057","449.88045531517190057","1702","49.777135171409959469","5.6958956217061169625"
"12/20/2025 21:24:34.664","5898.174924620478123","0","0","1718","49.700714868889356524","5.6958956217061169625"
"12/20/2025 21:24:35.662","4757.2408844859519377","20.047369930408560634","20.047369930408560634","1719","49.678631790373160015","5.6958956217061169625"
"12/20/2025 21:24:36.660","4730.6098116856483102","0","0","1728","49.650230922189130922","5.6958956217061169625"
"12/20/2025 21:24:37.656","4373.082257827893045","0","0","1731","49.624509725166603857","5.6958956217061169625"
"12/20/2025 21:24:38.652","4433.5006505778446808","0","0","1733","49.615805584382222548","5.6958956217061169625"
"12/20/2025 21:24:39.648","4379.5299445088858192","0","0","1735","49.597693176380751368","5.6958956217061169625"
"12/20/2025 21:24:40.662","4683.83474017793651","15.790424745648333982","15.790424745648333982","1771","49.422221851866275699","5.6958956217061169625"
"12/20/2025 21:24:41.661","4559.1102249954919898","0","0","1771","49.421889323140931083","5.6958956217061169625"
"12/20/2025 21:24:42.659","4432.3495982425329203","0","0","1772","49.422710842784198348","5.6958956217061169625"
"12/20/2025 21:24:43.653","4102.1792525648424999","0","0","1773","49.425507907156251974","5.6958956217061169625"
"12/20/2025 21:24:44.649","13265.783465905820776","0","0","1742","49.611580662804563246","5.6958956217061169625"
"12/20/2025 21:24:45.664","18834.49368617525397","30.565872907100452238","30.565872907100452238","1739","49.637712619648716839","5.6958956217061169625"
"12/20/2025 21:24:46.661","5630.5216978574044333","11.026480091940795702","11.026480091940795702","1735","49.630925350270914009","5.6958956217061169625"
"12/20/2025 21:24:47.660","24542.4290346217349","23.029491566900571087","23.029491566900571087","1745","49.524422024731620695","5.6958956217061169625"
"12/20/2025 21:24:48.655","5716.8108292128126777","0","0","1792","49.184824048817347375","5.6958956217061169625"
"12/20/2025 21:24:49.647","10380.645162591126791","1.0081232555687216212","1.0081232555687216212","1773","49.248745606571610267","5.6958956217061169625"
"12/20/2025 21:24:50.658","4382.5715777960394917","0","0","1774","49.23163076146310857","5.6958956217061169625"
"12/20/2025 21:24:51.657","4717.2986723244912355","9.0024783822986460535","9.0024783822986460535","1777","49.204149178509638318","5.6958956217061169625"
"12/20/2025 21:24:52.653","3893.7919033439493433","0","0","1778","49.197537952381544812","5.6958956217061169625"
"12/20/2025 21:24:53.649","5074.888983667427965","54.191023357334607624","54.191023357334607624","1793","49.114604235886275774","5.6958956217061169625"
"12/20/2025 21:24:54.658","5688.1868413740348842","0","0","1797","49.117499089128685341","5.6958956217061169625"
"12/20/2025 21:24:55.659","5782.561688819828305","2.9982172600171939081","2.9982172600171939081","1837","48.905411723280657554","5.6958956217061169625"
"12/20/2025 21:24:56.652","4648.0347200943624557","0","0","1840","48.882213758510125956","5.6958956217061169625"
"12/20/2025 21:24:57.652","4478.9568509494138198","16.996041621906258001","16.996041621906258001","1841","48.88325043695122929","5.6958956217061169625"
"12/20/2025 21:24:58.663","6162.0410166725077943","0","0","1864","48.749167716305038311","5.6958956217061169625"
"12/20/2025 21:24:59.660","4388.2940825364557895","0","0","1870","48.688101896245058242","5.6897010642056207175"
"12/20/2025 21:25:00.661","6140.8716761583145853","18.977970371992189058","18.977970371992189058","1871","48.684581124383157658","5.6897010642056207175"
"12/20/2025 21:25:01.660","3993.4830841102220802","0","0","1872","48.672884341486003734","5.6897010642056207175"
"12/20/2025 21:25:02.664","4759.499408199064419","0","0","1873","48.667055496169965068","5.6897010642056207175"
"12/20/2025 21:25:03.657","4838.6857915814925946","16.11887833964269845","16.11887833964269845","1874","48.642527463064183735","5.6897010642056207175"
"12/20/2025 21:25:04.655","10325.763410795590971","0","0","1858","48.783495241958533484","5.6897010642056207175"
"12/20/2025 21:25:05.654","19262.116022222297033","194.31389466544257516","194.31389466544257516","1831","48.934927524285143363","5.6897010642056207175"
"12/20/2025 21:25:06.670","5467.9651238877358992","0","0","1837","48.908854264046262017","5.6897010642056207175"
"12/20/2025 21:25:07.650","4947.0607345349235402","0","0","1837","48.910145216833370796","5.6897010642056207175"
"12/20/2025 21:25:08.664","37823.834605530741101","1001.6163880214567143","1001.6163880214567143","1800","49.142281396580465014","5.6897010642056207175"
"12/20/2025 21:25:09.666","9977.6759980296192225","283.47939010008121841","283.47939010008121841","1814","49.099934345367351796","5.6897010642056207175"
"12/20/2025 21:25:10.663","27179.68144004860369","336.07180018515049369","336.07180018515049369","1763","49.350085144245554147","5.6897010642056207175"
"12/20/2025 21:25:11.658","96330.418127535478561","7846.2347017013908044","7846.2347017013908044","1653","49.976821581362010249","5.6897010642056207175"
"12/20/2025 21:25:12.651","31844.227946663635521","903.36092562167243614","903.36092562167243614","1637","50.089212425539550111","5.6897010642056207175"
"12/20/2025 21:25:13.663","15199.633951457051808","285.66652870983210732","285.66652870983210732","1734","49.548187211516356854","5.6897010642056207175"
"12/20/2025 21:25:14.661","8066.653617913681046","23.038995804298355807","23.038995804298355807","1740","49.537311948262455985","5.6897010642056207175"
"12/20/2025 21:25:15.657","12663.175990425481359","206.90151126488333944","206.90151126488333944","1720","49.591179762406085274","5.6897010642056207175"
"12/20/2025 21:25:16.648","5078.9952182208044178","0","0","1724","49.528999009525634278","5.6897010642056207175"
"12/20/2025 21:25:17.664","4136.9488618565337674","0","0","1728","49.532011232695545289","5.6897010642056207175"
"12/20/2025 21:25:18.663","5369.2725716324102905","9.005488845451303348","9.005488845451303348","1731","49.518299789521449839","5.6897010642056207175"
"12/20/2025 21:25:19.652","4616.946932482680495","0","0","1746","49.396578885940037651","5.6897010642056207175"
"12/20/2025 21:25:20.670","19969.065558310401684","2.9513842090319837297","2.9513842090319837297","1740","49.503101792536469361","5.6897010642056207175"
"12/20/2025 21:25:21.669","6505.8105670808181458","16.004454039559210088","16.004454039559210088","1743","49.484383023689588299","5.6897010642056207175"
"12/20/2025 21:25:22.658","8814.6947193584128399","2.023575463580902678","2.023575463580902678","1734","49.514250887910428389","5.6897010642056207175"
"12/20/2025 21:25:23.648","85457.860220375485369","82.772791614349046085","82.772791614349046085","1585","50.005476747175094943","5.6897010642056207175"
"12/20/2025 21:25:24.660","9547.2350019834502746","1163.8872847290183472","1163.8872847290183472","1648","49.989965779238836774","5.6897010642056207175"
"12/20/2025 21:25:25.649","135614.33459346176824","16918.181885263857112","16918.181885263857112","1441","51.318098546778344371","5.68866863795553801"
"12/20/2025 21:25:26.666","101760.83385144364729","7414.7415412567488602","7414.7415412567488602","1320","51.875201950751993252","5.68866863795553801"
"12/20/2025 21:25:27.663","60712.612332467411761","1943.7579306626760172","1943.7579306626760172","1321","51.9280135053973666","5.68866863795553801"
"12/20/2025 21:25:28.651","106163.47632645380509","4486.408015931607224","4486.408015931607224","1212","52.336246951561484764","5.68866863795553801"
"12/20/2025 21:25:29.668","20446.443363656864676","469.27553695156251479","469.27553695156251479","1216","52.275885281217263412","5.68866863795553801"
"12/20/2025 21:25:30.668","24189.123140537994914","303.85080925265691576","303.85080925265691576","1198","52.378437540582012844","5.68866863795553801"
"12/20/2025 21:25:31.662","36109.062629217849462","307.85916147615449745","307.85916147615449745","1315","51.590136823148966982","5.68866863795553801"
"12/20/2025 21:25:32.650","120072.02134397724876","2084.6258891298957678","2084.6258891298957678","1466","50.711058883627657679","5.68866863795553801"
"12/20/2025 21:25:33.656","73967.990204652785906","9250.7195445799607114","9250.7195445799607114","1394","51.192113606071117715","5.68866863795553801"
"12/20/2025 21:25:34.645","14552.963878125678093","1056.9078638294067787","1056.9078638294067787","1426","51.154069730815031392","5.68866863795553801"
"12/20/2025 21:25:35.660","26398.433313368848758","56.150111906187937905","56.150111906187937905","1405","51.221277343859263453","5.68866863795553801"
"12/20/2025 21:25:36.661","74333.952200041181641","1533.8434820145612321","1533.8434820145612321","1426","50.905796664512202199","5.68866863795553801"
"12/20/2025 21:25:37.661","39719.077650756793446","427.11912352355068379","427.11912352355068379","1364","51.325863797991964077","5.68866863795553801"
"12/20/2025 21:25:38.659","31074.030356428804225","2665.4630513331521797","2665.4630513331521797","1328","51.4801909568440621","5.68866863795553801"
"12/20/2025 21:25:39.658","83405.609121529691038","2931.0596556200039231","2931.0596556200039231","1221","52.233636018874506135","5.68866863795553801"
"12/20/2025 21:25:40.659","30187.612500574363366","591.34597135568060366","591.34597135568060366","1214","52.285019739597338173","5.68866863795553801"
"12/20/2025 21:25:41.655","20726.253213909632905","664.66984583675707654","664.66984583675707654","1177","52.497654769685510701","5.68866863795553801"
"12/20/2025 21:25:42.670","28385.424701490235748","1340.6090288243756277","1340.6090288243756277","1144","52.578652057000120124","5.68866863795553801"
"12/20/2025 21:25:43.672","21678.996198717184598","940.91652853087418862","940.91652853087418862","1119","52.699160238890705443","5.68866863795553801"
"12/20/2025 21:25:44.643","41288.769670848050737","672.27444445988726329","672.27444445988726329","1100","52.774309146398280745","5.68866863795553801"
"12/20/2025 21:25:45.647","77907.525154152142932","1345.6718124585704572","1345.6718124585704572","1024","53.330336756382678232","5.68866863795553801"
"12/20/2025 21:25:46.652","74956.7291355827183","1827.8488746092689325","1827.8488746092689325","950","53.871870519097861063","5.68866863795553801"
"12/20/2025 21:25:47.669","84648.782169739264646","198.71298909095202134","198.71298909095202134","841","54.494558054603302821","5.68866863795553801"
"12/20/2025 21:25:48.667","104518.98907380246965","941.58544156650975765","52133.782863585707673","1095","54.279967037560403753","7.3032542398035804609"
"12/20/2025 21:25:49.655","53629.602544483052043","923.23456444435407775","923.23456444435407775","1049","54.580269277696558561","7.3022218135534986416"
"12/20/2025 21:25:50.668","71594.143306389014469","412.76588096977468467","412.76588096977468467","1024","54.745178286625353792","7.3022218135534986416"
"12/20/2025 21:25:51.661","27507.006815015654865","160.00051522178486607","160.00051522178486607","1017","54.771525402267350557","7.3022218135534986416"
"12/20/2025 21:25:52.653","21162.440327543044987","505.01965342950677496","505.01965342950677496","992","55.023299659374934834","7.3022218135534986416"
"12/20/2025 21:25:53.662","50743.805813182167185","468.7123134985777142","468.7123134985777142","957","55.084521964910557301","7.3022218135534986416"
"12/20/2025 21:25:54.659","20290.946640511392616","178.65989819999148835","178.65989819999148835","975","54.950145854370234133","7.3022218135534986416"
"12/20/2025 21:25:55.658","44073.739395275624702","1255.0176938479412456","1255.0176938479412456","974","54.819173169047374472","7.3022218135534986416"
"12/20/2025 21:25:56.657","12743.578606197104818","435.25884843716556816","435.25884843716556816","984","54.755036452495261301","7.3022218135534986416"
"12/20/2025 21:25:57.660","12470.027234906658123","50.885852854875949447","50.885852854875949447","984","54.779544927826975709","7.3022218135534986416"
"12/20/2025 21:25:58.652","35066.315093138633529","168.3021876865685158","168.3021876865685158","991","54.857471341932537712","7.3022218135534986416"
"12/20/2025 21:25:59.663","5569.9171464934697724","61.316559496199417367","61.316559496199417367","987","54.807691544948077933","7.3022218135534986416"
"12/20/2025 21:26:00.664","129862.69571387769247","2081.9270252609476302","2081.9270252609476302","842","55.727590866323460261","7.3022218135534986416"
"12/20/2025 21:26:01.652","37814.083708402737102","848.52596459074823088","848.52596459074823088","825","55.749263161734972982","7.3022218135534986416"
"12/20/2025 21:26:02.664","53392.135418673424283","1383.1135664670043752","1383.1135664670043752","893","55.31806646737224753","7.3022218135534986416"
"12/20/2025 21:26:03.652","40864.697071019138093","1578.4168954392457636","1578.4168954392457636","848","55.53660857387273353","7.3022218135534986416"
"12/20/2025 21:26:04.668","83269.625816869389382","8573.4644390085941268","8573.4644390085941268","725","56.258405827977320257","7.3001569610533332266"
"12/20/2025 21:26:05.664","59725.541200868261512","10784.936412577517331","10789.959671269914907","712","56.667343423857197138","7.270410179722825994"
"12/20/2025 21:26:06.658","14314.688078442641199","204.09338951565220555","2364.6682371468668862","789","56.636947429887243288","7.3376792025797747954"
"12/20/2025 21:26:07.653","44318.646788707279484","840.25918980721382923","840.25918980721382923","830","56.374434813944262146","7.3376792025797747954"
"12/20/2025 21:26:08.663","64265.556096166306816","4675.3531248362860424","4675.3531248362860424","722","56.920193498237104279","7.3376792025797747954"
"12/20/2025 21:26:09.659","39919.576261678281298","1984.7792741634070808","1984.7792741634070808","667","57.089836000718605646","7.3376792025797747954"
"12/20/2025 21:26:10.654","32846.69260200161807","567.46518224470742098","567.46518224470742098","648","57.227674186515542942","7.3376792025797747954"
"12/20/2025 21:26:11.650","80601.268492149247322","558.3293500484019205","558.3293500484019205","564","57.665130043790000514","7.3376792025797747954"
"12/20/2025 21:26:12.657","130442.77308473891753","1272.8642712658436267","1272.8642712658436267","525","58.439817106919321077","7.3376792025797747954"
"12/20/2025 21:26:13.654","127158.81579836698074","972.72187033757859353","1173.283080716460745","624","58.718231869563055625","7.3421315407832556943"
"12/20/2025 21:26:14.654","62606.27809653703298","330.16495040922444559","3403.7004887641869573","696","58.70647641334367961","7.4407927743067832083"
"12/20/2025 21:26:15.666","71678.483672103728168","204.48520011198280599","204.48520011198280599","676","58.760050814310105238","7.4407927743067832083"
"12/20/2025 21:26:16.663","44571.185122960385343","50.145341257099573795","50.145341257099573795","664","58.725136485585274215","7.4407927743067832083"
"12/20/2025 21:26:17.650","25527.244071800087113","2830.7318596844515923","2830.7318596844515923","653","58.819414921761357107","7.4407927743067832083"
"12/20/2025 21:26:18.664","66153.194409454110428","2132.4778949078186088","2132.4778949078186088","608","58.995609977048736994","7.4407927743067832083"
"12/20/2025 21:26:19.655","56963.41468702389102","658.46081306095845775","658.46081306095845775","589","59.017380084613655811","7.4397603480566996126"
"12/20/2025 21:26:20.655","32885.246754389998387","372.12726752549372122","372.12726752549372122","583","59.095658561935572095","7.4397603480566996126"
"12/20/2025 21:26:21.658","8601.8833607748729264","6.9796202069577040206","6.9796202069577040206","648","58.603337374190644482","7.4397603480566996126"
"12/20/2025 21:26:22.657","10015.670129510041079","34.032858725099082164","34.032858725099082164","652","58.501254547969729458","7.4397603480566996126"
"12/20/2025 21:26:23.656","26490.950735682305094","1922.3185083529244821","1922.3185083529244821","625","58.651122068672236765","7.4397603480566996126"
"12/20/2025 21:26:24.654","14468.409137929964345","97.137021482503229208","97.137021482503229208","635","58.607699200186814892","7.4397603480566996126"
"12/20/2025 21:26:25.662","74697.279992601615959","2594.7925341815544016","2594.7925341815544016","587","58.964685876612712434","7.4397603480566996126"
"12/20/2025 21:26:26.663","25895.226481083376711","205.79517206524346307","205.79517206524346307","572","59.015208938861086096","7.4397603480566996126"
"12/20/2025 21:26:27.662","60518.160654834915476","819.04428145886004131","819.04428145886004131","511","59.372156476455771212","7.4387279218066160169"
"12/20/2025 21:26:28.664","64557.006231197890884","72765.823700503373402","72765.823700503373402","577","59.686033255347524573","7.437501915634643801"
"12/20/2025 21:26:29.661","90304.713586881844094","2577.8133522707325938","2966.9929556485708417","706","59.898981233103896216","7.4417606739162351914"
"12/20/2025 21:26:30.657","83731.626293228560826","2618.3074911002140652","59829.530914350521925","982","60.185083039148032924","9.273349368203529508"
"12/20/2025 21:26:31.645","8453.342839718083269","116.3675396896791483","116.3675396896791483","976","60.191029207825430092","9.273349368203529508"
"12/20/2025 21:26:32.652","11209.931204016176707","1428.0736826392949297","1428.0736826392949297","990","59.9731326010015664","9.273349368203529508"
"12/20/2025 21:26:33.669","16706.888227310402726","2054.3270221261832376","2054.3270221261832376","992","59.961338005950977958","9.273349368203529508"
"12/20/2025 21:26:34.665","9279.3071450665011071","205.87207410591264534","205.87207410591264534","1006","59.943127785796100682","9.2724459952347064728"
"12/20/2025 21:26:35.657","32467.934866231244087","1535.6319513418291081","1535.6319513418291081","958","60.214324984749389102","9.2724459952347064728"
"12/20/2025 21:26:36.644","23172.055985778431932","1388.0336102713677064","1388.0336102713677064","947","60.269679329420831948","9.2724459952347064728"
"12/20/2025 21:26:37.660","21717.833363573561655","214.61866152579494837","214.61866152579494837","925","60.431693508390260661","9.2724459952347064728"
"12/20/2025 21:26:38.649","8579.0913987103158433","170.83379832473707438","170.83379832473707438","929","60.382637418895647841","9.2724459952347064728"
"12/20/2025 21:26:39.666","9909.0081731622758525","311.62257846155176821","311.62257846155176821","944","60.170413148629108946","9.2724459952347064728"
"12/20/2025 21:26:40.665","12114.159707225284365","3245.5973887010950421","3245.5973887010950421","924","60.158227374814032373","9.2703811427345428342"
"12/20/2025 21:26:41.665","10554.187327575775271","87.993224521711823627","87.993224521711823627","927","60.122354622027451398","9.2703811427345428342"
"12/20/2025 21:26:42.666","8994.4180671440062724","563.3372337444995992","563.3372337444995992","940","60.037836539567877026","9.2703811427345428342"
"12/20/2025 21:26:43.662","6496.6755144147437022","353.61524371021954494","353.61524371021954494","944","59.914648663232718206","9.2703811427345428342"
"12/20/2025 21:26:44.658","9179.5267350329158944","256.91033608488316986","256.91033608488316986","947","59.917445727604778938","9.2703811427345428342"
"12/20/2025 21:26:45.655","8781.8171527524391422","35.123254524778353414","35.123254524778353414","999","59.707959825105028528","9.2703811427345428342"
"12/20/2025 21:26:46.651","38281.686870611571067","11780.910189448795791","11780.910189448795791","936","59.855225859176186987","8.8341165254339824031"
"12/20/2025 21:26:47.666","40090.542292742567952","4745.9301061994265183","4745.9301061994265183","908","59.908467754700332364","8.8320516729338152118"
"12/20/2025 21:26:48.668","5804.7134672646607214","55.900937947862594513","55.900937947862594513","914","59.871558346755705315","8.8320516729338152118"
"12/20/2025 21:26:49.660","21918.850291834987729","15204.187789749876174","15204.187789749876174","920","59.821622064295596033","8.8320516729338152118"
"12/20/2025 21:26:50.656","4930.0885908888503764","24.112925653420095529","24.112925653420095529","928","59.749015923531032968","8.8320516729338152118"
"12/20/2025 21:26:51.652","7159.7241729811039477","1629.8559092965115269","1629.8559092965115269","924","59.751793430129019669","8.8301158737149112454"
"12/20/2025 21:26:52.669","11147.288491413077281","1558.8893822913116765","1558.8893822913116765","921","59.802414304530813638","8.8259861687145804154"
"12/20/2025 21:26:53.671","8088.4631371161658535","1236.4720329286772085","1236.4720329286772085","912","59.793729721520492149","8.8259861687145804154"
"12/20/2025 21:26:54.650","8880.1949599942017812","0","0","901","59.825534038205049114","8.8259861687145804154"
"12/20/2025 21:26:55.668","53751.879414006129082","226.05057989836373622","226.05057989836373622","891","59.961044616056845769","8.8259861687145804154"
"12/20/2025 21:26:56.655","83290.650582414324163","252.34677432921870377","252.34677432921870377","801","60.368984649043753166","8.8259861687145804154"
"12/20/2025 21:26:57.669","19610.610565424653032","232.60311069207509149","232.60311069207509149","822","60.195175898306807483","8.8259861687145804154"
"12/20/2025 21:26:58.669","27795.432337616155564","1235.9302935314447041","1235.9302935314447041","814","60.285268528453372028","8.8259861687145804154"
"12/20/2025 21:26:59.658","24497.880465884685691","2306.9208434750157721","2306.9208434750157721","796","60.428250967624649093","8.8259861687145804154"
"12/20/2025 21:27:00.654","25539.639688830931846","1090.0392494427348993","1090.0392494427348993","788","60.429092045041990389","8.8259861687145804154"
"12/20/2025 21:27:01.669","12171.885937217490209","385.0491425123008753","385.0491425123008753","786","60.405581109320181099","8.8259861687145804154"
"12/20/2025 21:27:02.660","40888.665704655606532","987.98044585872196421","987.98044585872196421","762","60.540622254028129134","8.8225985200814971421"
"12/20/2025 21:27:03.663","36859.136424282791268","419.87381445486914799","419.87381445486914799","732","60.736553175546362127","8.8225985200814971421"
"12/20/2025 21:27:04.651","50227.80455103150598","2422.4945926459986367","2422.4945926459986367","693","60.983554846836149466","8.8215660938314144346"
"12/20/2025 21:27:05.666","26406.610165717243945","381.31933336315574934","381.31933336315574934","691","60.992963137336296597","8.8215660938314144346"
"12/20/2025 21:27:06.666","14822.641189506457522","170.96126017844358103","170.96126017844358103","680","61.147172926260893178","8.8215660938314144346"
"12/20/2025 21:27:07.661","32653.01689439137408","1266.0963433950951185","1266.0963433950951185","642","61.352179609553928685","8.8215660938314144346"
"12/20/2025 21:27:08.659","34608.321220988458663","780.22464059587923657","780.22464059587923657","568","61.727278693981304514","8.8215660938314144346"
"12/20/2025 21:27:09.657","25194.040528209687182","1059.6514598829189708","1059.6514598829189708","544","61.935121557194541708","8.8215660938314144346"
"12/20/2025 21:27:10.643","26862.404826840265741","423.68444712169764443","423.68444712169764443","525","62.110984083756569873","8.8215660938314144346"
"12/20/2025 21:27:11.649","42261.412719616142567","1658.8313075966518682","1658.8313075966518682","517","62.206905559219158874","8.8215660938314144346"
"12/20/2025 21:27:12.664","105021.46237172401743","2760.0948771536222921","2760.0948771536222921","530","62.563403221444090718","8.8211789339876336413"
"12/20/2025 21:27:13.660","36845.398527107783593","937.77699060737029413","3001.0871787210166985","701","62.473819139989515747","8.8158877494559604315"
"12/20/2025 21:27:14.657","47877.84938711617724","675.14127807755085087","931.9557909866935006","779","62.666874766039406097","8.8241471594566220915"
"12/20/2025 21:27:15.656","21219.615866590611404","336.35849087957944903","39690.301923790379078","917","62.697349014388713329","10.092482807683186508"
"12/20/2025 21:27:16.654","30903.536011219071952","398.67775217870382676","398.67775217870382676","891","62.839353448441102046","10.092386017722242642"
"12/20/2025 21:27:17.671","23592.431502346804336","430.7054433989621316","430.7054433989621316","883","62.90638501823563189","10.092386017722242642"
"12/20/2025 21:27:18.658","35562.722874875806156","988.7820848895760264","988.7820848895760264","911","62.656058176107720215","10.092386017722242642"
"12/20/2025 21:27:19.651","15514.674787540603575","145.02519762452755003","145.02519762452755003","887","62.681662003202752942","10.092386017722242642"
"12/20/2025 21:27:20.668","18169.442671261287614","390.60317000545467181","390.60317000545467181","900","62.624527714826292879","10.092095647839407491"
"12/20/2025 21:27:21.667","30181.852641990353732","381.26341489334981816","381.26341489334981816","884","62.719275584146217284","10.092095647839407491"
"12/20/2025 21:27:22.668","18302.582318171276711","200.76506472126317249","200.76506472126317249","880","62.884771396146334155","10.092095647839407491"
"12/20/2025 21:27:23.669","91708.466368731344119","976.52579907197070952","976.52579907197070952","821","63.225288680574223577","10.092095647839407491"
"12/20/2025 21:27:24.668","16856.065951747670624","999.89370499352310162","999.89370499352310162","815","63.21537184138208687","10.091063221589323007"
"12/20/2025 21:27:25.655","53278.410839684409439","194.45414745883371666","194.45414745883371666","821","63.265092941761267298","10.091063221589323007"
"12/20/2025 21:27:26.667","54135.490530242379464","973.48214861049996216","973.48214861049996216","778","63.44924884928605735","10.088191786081281975"
"12/20/2025 21:27:27.653","76724.594971133861691","486.67035251865598866","486.67035251865598866","715","63.870724305480422345","10.088062732800020527"
"12/20/2025 21:27:28.666","90191.976666111921077","1200.3353831823933433","1200.3353831823933433","646","64.200835736515188046","10.088062732800020527"
"12/20/2025 21:27:29.667","202000.16568284563255","4852.568748637837416","4852.568748637837416","537","65.083297520196836672","10.087030306549937819"
"12/20/2025 21:27:30.663","76867.162635663582478","3518.9703121391926288","3519.9742979629127149","631","64.958212353512223558","9.9892401826749210869"
"12/20/2025 21:27:31.663","158608.0494825738715","2077.0482862700805526","2077.0482862700805526","672","65.122495443821534877","9.9830456251744230656"
"12/20/2025 21:27:32.657","124466.88967797075748","74179.258179267824744","74694.007920912728878","656","65.657906971326539747","9.9995644451757463855"
"12/20/2025 21:27:33.654","178391.6694718352519","9311.2204469305579551","9573.0138904993254982","687","66.031636848587453414","10.006920482207586787"
"12/20/2025 21:27:34.666","82318.72238244995242","2262.1546855446931659","2262.1546855446931659","741","66.132956828487337475","10.003823203457336888"
"12/20/2025 21:27:35.664","55135.097872889586142","912.78961531979598476","9380.3911949768717022","889","66.239186321906544208","10.272254028478833732"
"12/20/2025 21:27:36.661","52548.516276007452689","1018.0905155690614947","26256.704853252533212","972","66.253504125926070856","11.084063694246966136"
"12/20/2025 21:27:37.659","18324.057376490520255","687.5781293224208639","687.5781293224208639","965","66.239851356074169075","11.084063694246966136"
"12/20/2025 21:27:38.659","44616.735591014490637","898.0349335589154407","898.0349335589154407","949","66.391596609352063751","11.084063694246966136"
"12/20/2025 21:27:39.656","24051.321528145523189","2213.7612254804116674","2213.7612254804116674","934","66.328633475659557917","11.084063694246966136"
"12/20/2025 21:27:40.656","47051.797265687251638","4945.6122611995078842","4945.6122611995078842","882","66.483645226453347732","11.07273926881637216"
"12/20/2025 21:27:41.657","14293.800509991768195","376.75751886086112563","376.75751886086112563","886","66.469875086673965825","11.07273926881637216"
"12/20/2025 21:27:42.652","48622.475361813412746","1293.7333085300817856","1293.7333085300817856","852","66.712084614371903513","11.06980330666769774"
"12/20/2025 21:27:43.669","107086.33489223191282","1699.7050731526912841","1699.7050731526912841","772","67.01976090367412553","11.06980330666769774"
"12/20/2025 21:27:44.669","39358.554045505523391","859.66735977139046554","859.66735977139046554","799","66.878890936933203193","11.06980330666769774"
"12/20/2025 21:27:45.664","46112.402170399662282","1292.1198673276237514","1292.1198673276237514","795","66.977765915677366593","11.06980330666769774"
"12/20/2025 21:27:46.659","22329.045100993640517","1659.8831168987755973","1659.8831168987755973","776","66.99214241630214417","11.06980330666769774"
"12/20/2025 21:27:47.654","15782.056812790604454","1063.6651871532972109","1063.6651871532972109","767","67.086440410252308197","11.06980330666769774"
"12/20/2025 21:27:48.670","21312.698955003888841","450.55232501231392916","450.55232501231392916","753","67.112435439394886316","11.06980330666769774"
"12/20/2025 21:27:49.668","24196.734478406840935","3716.1741190476927841","3716.1741190476927841","735","67.148894971969738776","10.890645088958040176"
"12/20/2025 21:27:50.655","9042.4285947022399341","580.53911313886658263","580.53911313886658263","740","67.078029659362044868","10.890645088958040176"
"12/20/2025 21:27:51.669","39736.200382629554952","1088.6630241816314992","1088.6630241816314992","705","67.325207373901548635","10.890645088958040176"
"12/20/2025 21:27:52.671","26097.498450046285143","853.18553033264151964","853.18553033264151964","685","67.415456489523748473","10.890645088958040176"
"12/20/2025 21:27:53.659","35339.267694371032121","552.41318563733807423","552.41318563733807423","652","67.595680865365011414","10.890645088958040176"
"12/20/2025 21:27:54.647","90263.933068507030839","70860.052434110373724","70860.052434110373724","599","68.029439907527873288","10.890645088958040176"
"12/20/2025 21:27:55.653","45889.669678225916869","1099.7545967655889854","1419.6470811002950541","625","68.38265151446280754","10.895968536810029192"
"12/20/2025 21:27:56.649","76696.855295393397682","3011.1651070324110151","3011.1651070324110151","625","68.688058869142096796","10.893903684309863777"
"12/20/2025 21:27:57.670","29559.484040886192815","1081.5520624776575005","1583.1414247861362128","697","68.809681960570088677","10.910422504311185321"
"12/20/2025 21:27:58.667","48275.620039806883142","4177.2158244887523324","37501.692043135823042","828","68.78079207818508678","11.981661528732907129"
"12/20/2025 21:27:59.664","24577.528242171127204","1232.841986903563793","1232.841986903563793","819","68.800391039997435882","11.981661528732907129"
"12/20/2025 21:28:00.655","42133.625571189040784","2153.0412817920405359","2153.0412817920405359","782","68.951275634800850867","11.981661528732907129"
"12/20/2025 21:28:01.670","9838.1878809020381595","828.96663739491168599","828.96663739491168599","785","68.909945704254766952","11.980629102482822645"
"12/20/2025 21:28:02.659","29180.371963602894539","1352.973373706301345","1352.973373706301345","785","68.833916603781730714","11.980629102482822645"
"12/20/2025 21:28:03.661","56396.485399073870212","3673.2769005612581168","3673.2769005612581168","725","69.145485309219338887","11.948785205331837744"
"12/20/2025 21:28:04.648","63114.020463316635869","2732.0728344906433449","2732.0728344906433449","707","69.197416670899229985","11.947914095683328739"
"12/20/2025 21:28:05.665","33305.406622940405214","670.12296608823544375","670.12296608823544375","684","69.342922342322509621","11.94704298603482151"
"12/20/2025 21:28:06.657","26661.211962126748404","15958.033706648071529","15958.033706648071529","659","69.441132310182112519","11.94704298603482151"
"12/20/2025 21:28:07.654","48587.443611201386375","21537.264762361617613","21537.264762361617613","594","69.616016831625259442","11.764626172973338569"
"12/20/2025 21:28:08.667","18682.976574672396964","7262.4194731214911371","7262.4194731214911371","585","69.565787159271025075","11.677902367966394692"
"12/20/2025 21:28:09.662","29274.066442084815208","2876.172004930982439","2876.172004930982439","571","69.61720999554201228","11.677902367966394692"
"12/20/2025 21:28:10.658","14887.54119366975101","1055.9323656732965446","1055.9323656732965446","566","69.681679217536398596","11.677902367966394692"
"12/20/2025 21:28:11.655","12700.547955391153664","285.59698337434741688","285.59698337434741688","568","69.703488440649465474","11.677902367966394692"
"12/20/2025 21:28:12.669","19747.303577966726152","1200.7228805588561045","3116.749038361073417","709","69.655332125177451985","11.717166828789851607"
"12/20/2025 21:28:13.668","44427.794724972533004","427.36355817894281017","470.40016942412910339","959","69.6385889010593786","11.716489299063233886"
"12/20/2025 21:28:14.669","24844.766414838966739","1207.8218905279791215","1227.8024015375403906","1078","69.701493338146590872","11.715069712969370386"
"12/20/2025 21:28:15.665","21306.923032657257863","1227.236988400601831","27226.182287676201668","1257","69.686647427661029042","12.550302549286254106"
"12/20/2025 21:28:16.662","70556.600601000231109","3087.3710989998962759","3087.3710989998962759","1179","70.035340699841114542","12.550302549286254106"
"12/20/2025 21:28:17.655","73659.789986005314859","1816.9811246599208516","1816.9811246599208516","1119","70.293119845514453914","12.550302549286254106"
"12/20/2025 21:28:18.656","119049.07039318150782","808.42327083858378955","808.42327083858378955","1045","70.612121296723401542","12.550302549286254106"
"12/20/2025 21:28:19.652","39846.463206127336889","1068.8482813521802655","1068.8482813521802655","1056","70.586673955104004108","12.550302549286254106"
"12/20/2025 21:28:20.656","72074.332428347901441","3140.7282404179641162","3140.7282404179641162","1020","70.69579830176564883","12.550302549286254106"
"12/20/2025 21:28:21.651","105080.10942951991456","1408.6101850152208499","35451.362609316740418","1088","71.189742971023022733","13.62805876441162134"
"12/20/2025 21:28:22.662","68219.825572386995191","1234.8016985647211641","1234.8016985647211641","1026","71.502993808012220711","13.62805876441162134"
"12/20/2025 21:28:23.660","26557.409299831178942","267.44722525006318392","267.44722525006318392","1023","71.462094195061851565","13.62805876441162134"
"12/20/2025 21:28:24.649","22905.431138296949939","773.83213305057267917","773.83213305057267917","1058","71.177048625232899326","13.627026338161538632"
"12/20/2025 21:28:25.660","12408.246340091593083","310.6018296228284612","310.6018296228284612","1072","71.040110190175496996","13.627026338161538632"
"12/20/2025 21:28:26.654","35705.300553033623146","5919.2217705941220629","5919.2217705941220629","1034","71.183914125706976961","13.627026338161538632"
"12/20/2025 21:28:27.667","41301.911161770360195","11361.779570214333944","11361.779570214333944","988","71.233146258451313315","13.627026338161538632"
"12/20/2025 21:28:28.665","57602.24094577084179","10174.180853656971522","10174.180853656971522","938","71.319013943737147088","13.625993911911457701"
"12/20/2025 21:28:29.662","53420.997119055784424","10341.748132592245383","10341.748132592245383","859","71.417321723750177398","13.625993911911457701"
"12/20/2025 21:28:30.653","48613.357621188515623","12229.978452326882689","12229.978452326882689","816","71.53333112865996668","13.621573837028289944"
"12/20/2025 21:28:31.670","27308.384024973958731","3681.8967117830134157","3681.8967117830134157","824","71.227767288505049237","13.450416922756772919"
"12/20/2025 21:28:32.665","51952.219560961719253","57850.579963550204411","57850.579963550204411","716","71.580685505545858405","13.446351744397070149"
"12/20/2025 21:28:33.660","49782.534742062394798","30798.580557461940771","30798.580557461940771","818","71.560538879493378772","13.431284773809926136"
"12/20/2025 21:28:34.659","64394.261351139190083","14319.291057436044866","15372.48928105505729","724","71.865359431101325072","12.819088270831215937"
"12/20/2025 21:28:35.658","76991.941449418300181","38731.638897517266741","38731.638897517266741","609","71.946298045093726614","12.819088270831215937"
"12/20/2025 21:28:36.652","35801.028135185551946","11287.796764929518758","11368.280164322955898","754","71.027709234279512884","12.584211298937407975"
"12/20/2025 21:28:37.669","41494.984575304486498","3683.3478138203972776","9617.2477115860910999","854","70.91244309463363038","12.617700625424463468"
"12/20/2025 21:28:38.663","48411.777346650873369","5519.6445143793835086","5519.6445143793835086","833","71.057283731889270939","12.351334652903133815"
"12/20/2025 21:28:39.662","58160.442911755446403","2999.6531932494290231","2999.6531932494290231","759","71.399600494513194349","12.3492698004029684"
"12/20/2025 21:28:40.660","17587.835214249033015","462.94324686548844738","462.94324686548844738","752","71.361419691555525446","12.3492698004029684"
"12/20/2025 21:28:41.661","62068.836695270460041","12926.595894195097571","13046.462327028992149","578","71.471502462278934331","12.327266215948082362"
"12/20/2025 21:28:42.651","53029.423764369879791","5421.3287619218472173","5679.9201841413359944","592","71.613076602018693961","11.878451167044953962"
"12/20/2025 21:28:43.663","27774.827271896392631","648.17811064973443536","648.17811064973443536","582","71.696655794907513837","11.878451167044953962"
"12/20/2025 21:28:44.656","52294.899657504734932","1113.6008965243054263","1113.6008965243054263","550","71.796234946650500319","11.87535388829470584"
"12/20/2025 21:28:45.656","57521.41863915007707","1310.0757415643263357","1310.0757415643263357","500","72.117211942588269835","11.870191757044294079"
"12/20/2025 21:28:46.655","32988.000322009982483","1286.6381476896383447","1286.6381476896383447","486","72.146923344616524787","11.869159330794209595"
"12/20/2025 21:28:47.671","38165.01504839847621","1587.2550118167787332","1587.2550118167787332","474","72.239343582708244185","11.869159330794209595"
"12/20/2025 21:28:48.671","36904.778079800642445","2321.7840892652056937","7755.5980572141952507","596","72.169514948541646504","11.863964936223482027"
"12/20/2025 21:28:49.653","49057.164316386566497","2064.1277419991106399","2064.1277419991106399","845","72.153182484245206751","11.858738278332438654"
"12/20/2025 21:28:50.660","33834.320664198145096","471.68649669799594903","474.66556930872013709","973","72.250766533485318632","11.856254002668176639"
"12/20/2025 21:28:51.659","14789.831685306828149","447.60018709087012212","60432.033313470034045","1237","72.233984193819097186","13.788955942822944678"
"12/20/2025 21:28:52.648","25817.859442880322604","502.23007331447490742","502.23007331447490742","1209","72.292898425900588677","13.785858664072694779"
"12/20/2025 21:28:53.662","16517.809098318990436","360.04779461847903121","360.04779461847903121","1209","72.27584225411429486","13.785858664072694779"
"12/20/2025 21:28:54.658","12385.756661060333499","635.75932261200057383","635.75932261200057383","1199","72.346296806900369347","13.785858664072694779"
"12/20/2025 21:28:55.655","14195.336944156817481","1047.1969876836994899","1047.1969876836994899","1185","72.367480111393959419","13.785858664072694779"
"12/20/2025 21:28:56.667","67982.040124818900949","9694.5089104653779941","9694.5089104653779941","1054","72.54066294351142119","13.785858664072694779"
"12/20/2025 21:28:57.661","61689.642015441284457","3074.5657704384625504","26867.718166817841848","1111","72.610276418880161486","14.219284109185528209"
"12/20/2025 21:28:58.649","39131.580356491242128","1106.3611922099621552","1106.3611922099621552","1082","72.743557177657152124","14.075002540736475609"
"12/20/2025 21:28:59.663","42642.849406097768224","1396.5589851027466466","1396.5589851027466466","1034","72.971135930384306789","14.075002540736475609"
"12/20/2025 21:29:00.660","103841.98800291173393","2362.8956156998610822","2362.8956156998610822","887","73.288200952412609013","14.07190526198622571"
"12/20/2025 21:29:01.648","103384.69209986216447","1720.1775101766206717","1720.1775101766206717","877","73.294851294088829263","13.986213883229364541"
"12/20/2025 21:29:02.659","53260.679198086749238","2483.5919666189411146","2483.5919666189411146","800","73.429755511095223142","13.94801411197630614"
"12/20/2025 21:29:03.655","63151.232977016865334","4826.2897002220752256","4826.2897002220752256","724","73.696140985399523515","13.942851980725892602"
"12/20/2025 21:29:04.654","71688.20476348939701","9411.5296193381145713","9411.5296193381145713","675","73.733343806521347119","13.939754701975646256"
"12/20/2025 21:29:05.669","27691.117446034746536","4105.8189586141133987","4105.8189586141133987","679","73.822497570380221532","13.670291450704066705"
"12/20/2025 21:29:06.665","25659.109013817407686","444.73513412579177384","444.73513412579177384","660","73.918438580333827304","13.662032040703406821"
"12/20/2025 21:29:07.663","28262.721957768961147","5104.7869252517493805","5104.7869252517493805","605","74.087142216527638539","13.647674863163192782"
"12/20/2025 21:29:08.662","77375.454677360452479","2372.5777642132020446","2372.5777642132020446","543","74.363796593240422794","13.630123616911788531"
"12/20/2025 21:29:09.660","52003.813065219088458","2120.1508312975142871","2442.7824795384403842","595","74.235855688861533963","13.487810111001955704"
"12/20/2025 21:29:10.659","42716.482916508975904","1500.0353243808876869","1500.0353243808876869","717","74.340931157195228707","13.452707618499143649"
"12/20/2025 21:29:11.653","26926.134432613358513","1149.304635471667325","1149.304635471667325","833","74.248706496844235403","13.439286077248066675"
"12/20/2025 21:29:12.657","24892.773536414173577","1245.9334117809926283","38033.337433327375038","1039","74.167141964232357054","14.630996339726308975"
"12/20/2025 21:29:13.655","37120.13502969059482","1443.310232017131284","1443.310232017131284","1008","74.234760337098208538","14.527108448311739863"
"12/20/2025 21:29:14.667","75743.963138866500231","6056.3955032720441523","6056.3955032720441523","893","74.695101188191941333","14.483778809128583731"
"12/20/2025 21:29:15.656","39547.432395137766434","1680.7608203528604918","1680.7608203528604918","860","74.644812842515477769","14.428027791624121079"
"12/20/2025 21:29:16.655","29881.612336189500638","3375.3283014623484632","3375.3283014623484632","833","74.749575339897901927","14.402572031895518379"
"12/20/2025 21:29:17.665","18373.88675119625259","1801.0312241157485005","1801.0312241157485005","820","74.743629147937440393","14.386795268261442615"
"12/20/2025 21:29:18.660","15070.428849342149988","171.88310099629876504","171.88310099629876504","807","74.822748702676676658","14.385762842011359908"
"12/20/2025 21:29:19.647","42839.685788974420575","3217.001483243239818","3217.001483243239818","786","74.725731898733812386","14.288714774503588956"
"12/20/2025 21:29:20.650","32746.727097410570423","5883.7801831690585459","5883.7801831690585459","727","74.810328212289675776","13.822090372786535184"
"12/20/2025 21:29:21.665","14631.199278451686041","771.5671494496006062","771.5671494496006062","753","74.522602948016157143","13.822090372786535184"
"12/20/2025 21:29:22.664","5885.9748259228699681","188.15903201385810917","188.15903201385810917","750","74.560294760055910501","13.822090372786535184"
"12/20/2025 21:29:23.661","8396.6372550454507291","663.63107244986724709","663.63107244986724709","761","74.500050459639183487","13.822090372786535184"
"12/20/2025 21:29:24.660","63258.071133676952741","5000.384644972690694","5000.384644972690694","685","74.686573090657262242","13.463999780609423595"
"12/20/2025 21:29:25.656","18857.211440810977365","6953.4148301516288484","6953.4148301516288484","670","74.560842447579105396","13.155336595155016965"
"12/20/2025 21:29:26.653","13098.790944881455289","456.42134170018857731","456.42134170018857731","656","74.573556327860231363","13.155336595155016965"
"12/20/2025 21:29:27.668","13600.638222432336988","87.657093330181623969","87.657093330181623969","661","74.546309484761735575","13.155336595155016965"
"12/20/2025 21:29:28.667","24453.605975143644173","320.59791511168327816","320.59791511168327816","639","74.725751456507893522","13.155336595155016965"
"12/20/2025 21:29:29.655","23484.397439003845648","964.14210827427154982","964.14210827427154982","618","74.797496962081055472","13.155336595155016965"
"12/20/2025 21:29:30.653","26056.548629509870807","1401.1266299990124935","1401.1266299990124935","599","74.783961538873597874","13.151206890154687912"
"12/20/2025 21:29:31.668","23236.793545324173465","3445.0441994043644627","3445.0441994043644627","584","74.711942201180363554","13.111974692651545027"
"12/20/2025 21:29:32.667","25469.058920524130372","2365.3056487180924705","2365.3056487180924705","571","74.650543875678096128","13.076710883547157493"
"12/20/2025 21:29:33.663","34384.332777364252252","10571.144010048208656","10571.144010048208656","526","74.70671973999280624","13.076710883547157493"
"12/20/2025 21:29:34.653","22260.827240477068699","2002.1201654129242797","2002.1201654129242797","536","74.662318889671539068","12.86454728915516732"
"12/20/2025 21:29:35.664","16719.021956000990031","484.46604130339949279","484.46604130339949279","553","74.494573700822556361","12.862224330092484337"
"12/20/2025 21:29:36.663","6112.4724976283505384","291.35618293363637576","291.35618293363637576","581","74.361586331939690808","12.862224330092484337"
"12/20/2025 21:29:37.664","7531.8949278681220676","88.904330050432733401","88.904330050432733401","573","74.354173167225482644","12.862224330092484337"
"12/20/2025 21:29:38.664","70222.848478473286377","14208.75531303457683","14208.75531303457683","528","74.615746916880780759","12.862224330092484337"
"12/20/2025 21:29:39.664","12887.9012688525454","986.37511845754943351","986.37511845754943351","594","74.302222224488446045","12.862224330092484337"
"12/20/2025 21:29:40.658","21076.28517226376789","655.58598980563783698","655.58598980563783698","563","74.391669378241445543","12.862224330092484337"
"12/20/2025 21:29:41.644","33025.568361781195563","884.83062791047700557","884.83062791047700557","565","74.380187754142141898","12.862224330092484337"
"12/20/2025 21:29:42.659","33136.591089338442544","876.60852487492559248","876.60852487492559248","538","74.55751727674098106","12.862224330092484337"
"12/20/2025 21:29:43.646","28978.026473735073523","1164.8338091088585315","1164.8338091088585315","519","74.603345984267861013","12.862224330092484337"
"12/20/2025 21:29:44.659","22469.477372726087196","825.00255099473008613","825.00255099473008613","506","74.6276197430276369","12.751754721333636411"
"12/20/2025 21:29:45.659","40106.982641789174522","2013.4047524958164104","2013.4047524958164104","497","74.726553418377079652","12.75072229508355548"
"12/20/2025 21:29:46.656","47859.734455990372226","2956.2606792159331235","6658.6061431457928848","574","74.835286562991171877","12.850222374935270864"
"12/20/2025 21:29:47.653","85000.414308302759309","3195.0894534761869181","3195.0894534761869181","699","74.959491559993352894","12.836445937160730679"
"12/20/2025 21:29:48.655","56305.630732764766435","820.50823397980138907","820.50823397980138907","729","74.998356954892713588","12.801601551220439745"
"12/20/2025 21:29:49.663","59218.783161362647661","2756.3464181734707381","2756.3464181734707381","769","75.159393128743261059","12.765369842506601117"
"12/20/2025 21:29:50.658","16028.88816314426731","470.13785788114296338","37977.695976915827487","946","75.089173292529110881","13.968953006860795441"
"12/20/2025 21:29:51.654","32139.457244689816434","909.89151502059155519","909.89151502059155519","942","75.024254195164957082","13.958628744359968366"
"12/20/2025 21:29:52.662","36191.473786326874688","1755.712015616909639","1755.712015616909639","895","75.074601214163621421","13.739560799420550197"
"12/20/2025 21:29:53.657","77760.74294463575643","1445.5387499816670243","34834.570697091221518","954","75.657425815159783156","14.811929040053298579"
"12/20/2025 21:29:54.654","64261.506272373211686","1774.5091410793950217","1774.5091410793950217","882","76.00852494966436268","14.810896613803215871"
"12/20/2025 21:29:55.663","72659.073148408555426","3202.7784896164375823","3202.7784896164375823","814","76.179184572812914666","14.810896613803215871"
"12/20/2025 21:29:56.663","38543.84751574913389","3789.6564588381579597","3789.6564588381579597","802","76.239272387753999283","14.810896613803215871"
"12/20/2025 21:29:57.660","53748.834207911488193","2972.6694993474770854","2972.6694993474770854","741","76.509824110313743972","14.810896613803215871"
"12/20/2025 21:29:58.657","76929.356612352334196","4445.8502856656878066","4445.8502856656878066","672","76.868688519315014673","14.806315222318474412"
"12/20/2025 21:29:59.652","86863.010867196207982","4873.4525155405353871","4873.4525155405353871","617","76.907514798666227307","14.723753385632177171"
"12/20/2025 21:30:00.654","94776.303898741389276","5486.2247769843143033","5486.2247769843143033","550","77.173841599648312695","14.675326141839233784"
"12/20/2025 21:30:01.662","52713.97488911995606","6632.4111166116590539","6632.4111166116590539","494","77.340198046839844892","14.592732041832620737"
"12/20/2025 21:30:02.656","125758.1743265781115","4356.7718542684451677","4356.7718542684451677","360","78.447813163150058813","14.532915845968455315"
"12/20/2025 21:30:03.656","92478.176904519466916","11845.815963587217993","11845.815963587217993","499","78.505240841420658171","14.495748500965479622"
"12/20/2025 21:30:04.644","77568.19084536995797","16864.895250239223969","16864.895250239223969","549","78.605876229378836229","14.489553943464983377"
"12/20/2025 21:30:05.651","47289.697069621986884","5718.0287748847722469","5718.0287748847722469","593","77.897633956255774024","14.354047998141632903"
"12/20/2025 21:30:06.661","46974.762349632947007","2913.1558832385740061","3598.138510218218471","650","77.882201242698869237","14.336109592046447858"
"12/20/2025 21:30:07.654","53466.346598212134268","2280.4978069967887677","2308.6893913658441306","747","78.010494233577162504","14.324591586693960821"
"12/20/2025 21:30:08.663","37013.695295243218425","1390.7022977217063726","56321.956205664544541","977","78.031442821498828266","16.109430729844699925"
"12/20/2025 21:30:09.651","39754.063228594670363","4279.0269686990395712","4279.0269686990395712","945","78.097124765184034345","15.980764608428147611"
"12/20/2025 21:30:10.663","88593.616348072828259","84724.239477779337903","84724.239477779337903","794","78.249691538105182076","15.980764608428147611"
"12/20/2025 21:30:11.661","66435.012094124336727","8369.3865636473201448","8369.3865636473201448","709","78.532409476705922202","15.980764608428147611"
"12/20/2025 21:30:12.657","32548.905219757591112","6190.3688587985197955","6190.3688587985197955","726","78.634942155013547449","15.661873950433861324"
"12/20/2025 21:30:13.654","39751.503446681861533","3652.5317733147089712","3652.5317733147089712","799","78.757699713752998605","15.653098327308157423"
"12/20/2025 21:30:14.668","67047.21771191098378","3678.2068559292783902","4687.1765372771433249","746","79.169551720649366189","15.679941409810307817"
"12/20/2025 21:30:15.665","45735.79575093290623","5072.8295453963519321","5072.8295453963519321","731","79.170862231210534787","15.56843937480137896"
"12/20/2025 21:30:16.665","53080.501628435893508","34342.266761562539614","34342.266761562539614","657","79.033728195129356209","15.247354811025667587"
"12/20/2025 21:30:17.664","21774.174253658169619","11000.708053581427521","11000.708053581427521","638","78.943048761911470024","14.893748820372351815"
"12/20/2025 21:30:18.658","8858.8878976361738751","761.71946143918489724","761.71946143918489724","635","78.937298170974784739","14.893748820372351815"
"12/20/2025 21:30:19.659","14505.541758356597711","1194.8913797778423032","1194.8913797778423032","661","78.447656677674430625","14.888586689121938278"
"12/20/2025 21:30:20.656","13515.914023340052154","1729.2345659546010666","1729.2345659546010666","698","78.173427721060221529","14.888586689121938278"
"12/20/2025 21:30:21.652","63436.753491530609608","1663.0757145078114263","1663.0757145078114263","729","77.906338073757083862","14.88755426287185557"
"12/20/2025 21:30:22.668","19626.024117820303218","3413.521066167893423","3413.521066167893423","710","77.890690201402335902","14.873003505409752023"
"12/20/2025 21:30:23.665","50706.377766728190181","3644.9598422343392485","3644.9598422343392485","638","77.914435853696062395","14.873003505409752023"
"12/20/2025 21:30:24.659","53754.355980711479788","3176.3983344327011764","3176.3983344327011764","612","78.053486761183819453","14.723301699147764765"
"12/20/2025 21:30:25.657","30741.762482967857068","12973.532690948111849","12973.532690948111849","599","78.041829093834820696","14.226865989459572148"
"12/20/2025 21:30:26.672","56745.895315859728726","2560.0541099658530584","2560.0541099658530584","611","77.660451312004695978","14.226865989459572148"
"12/20/2025 21:30:27.651","61894.36484003822261","13467.552003062190124","13467.552003062190124","540","77.56658363565024672","14.225833563209491217"
"12/20/2025 21:30:28.661","58315.512037084794429","37442.790099698606355","37442.790099698606355","445","77.716079512079261349","14.225833563209491217"
"12/20/2025 21:30:29.655","42627.258024339120311","19013.30035642267103","19183.322461308402126","422","77.86103749597934609","14.159016226836950381"
"12/20/2025 21:30:30.656","54753.489414794923505","9353.8584741132490308","9429.7842718311403587","636","77.772333607490253371","14.002410070027536904"
"12/20/2025 21:30:31.650","98934.885706208253396","17934.910766773795331","17934.910766773795331","581","78.112420574322442235","14.000345217527371489"
"12/20/2025 21:30:32.644","93223.97380937395792","68678.807909067167202","68678.807909067167202","551","78.244742885754618555","13.992053544206395799"
"12/20/2025 21:30:33.658","22083.004141402296227","3753.8738042979143756","5546.41517390217723","580","78.222835873771188631","13.90926586427788969"
"12/20/2025 21:30:34.654","87953.266323136631399","7003.9907695830524972","7003.9907695830524972","526","78.643841896821712112","13.898909338456750362"
"12/20/2025 21:30:35.666","65791.066355176109937","18306.641130053434608","18306.641130053434608","517","78.388038295877166206","13.87929323970517892"
"12/20/2025 21:30:36.663","53958.944869713290245","8835.206845129154317","8835.206845129154317","529","78.377436841460280448","13.733688875123206685"
"12/20/2025 21:30:37.658","37340.824892676675518","1394.6124922891604001","43109.312180537468521","804","78.307138774149848359","15.070132392534912213"
"12/20/2025 21:30:38.648","69268.900952820913517","1265.9321702640406784","14415.878302528311906","1025","78.364351316905668909","15.485200008388463999"
"12/20/2025 21:30:39.652","46732.916899690033461","2369.1885484369486221","2369.1885484369486221","1124","78.378864721948943384","15.473004473309362794"
"12/20/2025 21:30:40.665","65053.24049742124771","3109.0061987661683816","3109.0061987661683816","1079","78.630326031388321439","15.468132711941784407"
"12/20/2025 21:30:41.662","43721.476841059396975","2918.9751830975296798","3956.4543432987466076","1099","78.657142580174181035","15.487619757412094401"
"12/20/2025 21:30:42.658","10175.15698296899609","1065.040624266528539","1065.040624266528539","1123","78.595666000292567333","15.487619757412094401"
"12/20/2025 21:30:43.657","9785.2333461854614143","276.26067957724910684","276.26067957724910684","1118","78.538160067642621698","15.482457626161680864"
"12/20/2025 21:30:44.652","18280.716316282920161","5379.1047955729154637","5379.1047955729154637","1103","78.488125996312149368","15.27442373677002152"
"12/20/2025 21:30:45.665","19083.536242926951672","2281.9309952752578283","2281.9309952752578283","1075","78.423852352058474935","15.215639967155938805"
"12/20/2025 21:30:46.658","18358.073780946455372","6046.5124242033307382","6046.5124242033307382","1052","78.411236260647712015","15.215639967155938805"
"12/20/2025 21:30:47.650","54831.689894539711531","17308.267993916102569","17308.267993916102569","966","78.641807655487625084","15.211252155593088631"
"12/20/2025 21:30:48.659","61477.526473758596694","9872.2094577729349112","83482.075679868008592","1173","78.731235251466571867","17.602448140745508454"
"12/20/2025 21:30:49.655","49413.068621923528553","10425.837286475851215","10888.560978501014688","1092","78.738237679642224975","16.441678402449429797"
"12/20/2025 21:30:50.667","13598.042419840425282","5204.4576580336088227","5204.4576580336088227","1073","78.647597385255522795","16.250937652746657136"
"12/20/2025 21:30:51.660","7447.4120897329603395","306.03045083520140679","306.03045083520140679","1087","78.505964572193548179","16.250937652746657136"
"12/20/2025 21:30:52.653","9279.1476757975560758","1295.959094818389076","1295.959094818389076","1081","78.508409550066204474","16.248550167043340764"
"12/20/2025 21:30:53.650","7170.6094657058656594","329.90218350122080437","329.90218350122080437","1074","78.486091778261140917","16.248550167043340764"
"12/20/2025 21:30:54.669","10540.231527797628587","244.41401102827430236","244.41401102827430236","1086","78.427862114838291063","16.240290757042679104"
"12/20/2025 21:30:55.660","8476.7732173942549707","134.26352720179062317","134.26352720179062317","1085","78.433690960154336835","16.240290757042679104"
"12/20/2025 21:30:56.652","12701.0188817986309","167.211446933029805","167.211446933029805","1073","78.511402192178962878","16.240290757042679104"
"12/20/2025 21:30:57.654","8748.4225587918153906","264.52897969874840101","264.52897969874840101","1076","78.425769223465067626","16.239258330792598173"
"12/20/2025 21:30:58.651","24812.240036146722559","3066.4107712093327791","3066.4107712093327791","1041","78.613465460625818082","16.23506409915163573"
"12/20/2025 21:30:59.663","85284.45364924853493","33884.48497984513233","33884.48497984513233","863","78.592810262598291615","16.23506409915163573"
"12/20/2025 21:31:00.659","53267.075047910046123","18002.349642980174394","42695.58930385325948","944","78.576595144946267624","16.997575411478322849"
"12/20/2025 21:31:01.657","47603.905708884398337","14584.434232681747744","14749.631709745830449","1103","77.125078923330889324","16.448647279637491181"
"12/20/2025 21:31:02.656","44796.1685665606783","10123.795839355347198","10123.795839355347198","1034","76.710508083158757131","16.20470431473514239"
"12/20/2025 21:31:03.653","40666.585129653874901","6859.1341170243267698","6859.1341170243267698","1082","76.58996078572002375","15.963761838622097855"
"12/20/2025 21:31:04.667","22159.457749675355444","1486.3712479975413316","1486.3712479975413316","1152","76.515848556653565993","15.943113313620443705"
"12/20/2025 21:31:05.656","45032.069824588943447","9123.9399399788180745","9469.8425516042188974","1238","76.517961005800856356","15.903977906078248239"
"12/20/2025 21:31:06.652","49380.687184046721086","5307.3779476138715836","5307.3779476138715836","1264","76.560718816835603207","15.775957051067996062"
"12/20/2025 21:31:07.664","16178.720910641026421","2613.7745424288732465","2613.7745424288732465","1298","76.499066193704280181","15.544403201166643314"
"12/20/2025 21:31:08.655","14467.916751193211894","1700.6236292822156884","1700.6236292822156884","1289","76.381218148484180119","15.489329713388794829"
"12/20/2025 21:31:09.667","34898.568378122632566","4292.1682059616287006","4292.1682059616287006","1271","76.160974352658016073","15.151016536564826609"
"12/20/2025 21:31:10.659","12940.464985300519402","2826.1249328770113607","2826.1249328770113607","1273","76.026793843141476259","15.151016536564826609"
"12/20/2025 21:31:11.654","56677.195417350718344","3181.3346693733133179","3181.3346693733133179","1213","75.894999638175363543","15.148983947384978777"
"12/20/2025 21:31:12.668","17538.912305537040083","2983.6061340261107944","2983.6061340261107944","1204","75.835068285426842749","14.68858636648873528"
"12/20/2025 21:31:13.664","44430.873368092303281","5284.0787662324155463","5284.0787662324155463","1103","76.271076704438556249","14.68858636648873528"
"12/20/2025 21:31:14.659","65905.320484113530256","7623.2416531432081683","7623.2416531432081683","1202","75.534648675363186499","14.672390179690561141"
"12/20/2025 21:31:15.654","33082.282956945389742","7757.4606508386859787","7757.4606508386859787","1191","75.366805697643840745","14.573987052729556524"
"12/20/2025 21:31:16.669","30135.721074357370526","20186.362325305020931","20186.362325305020931","1156","75.457367760934261014","14.551725361712151141"
"12/20/2025 21:31:17.667","14763.898394793117404","18054.230241246568767","18054.230241246568767","1125","75.472585315693308416","14.551725361712151141"
"12/20/2025 21:31:18.665","9016.4888100417556416","503.64174030549725103","503.64174030549725103","1125","75.453631830274503045","14.475390345846662399"
"12/20/2025 21:31:19.657","13008.97042484951271","1715.3135778659645894","1715.3135778659645894","1104","75.464839598970684165","14.31229926165391575"
"12/20/2025 21:31:20.655","13881.935164223274114","156.42746934548040372","156.42746934548040372","1103","75.338737311619041748","14.31229926165391575"
"12/20/2025 21:31:21.646","8446.5520897797432553","1059.8565600225538219","1059.8565600225538219","1097","75.307695841255522851","14.293715589152425238"
"12/20/2025 21:31:22.660","33499.717696792351489","1121.127303857447032","1121.127303857447032","1011","75.416076922653260795","14.284423752901680871"
"12/20/2025 21:31:23.657","13134.418272313119814","385.03829426431315142","385.03829426431315142","1015","75.394580670491464502","14.169824439142505668"
"12/20/2025 21:31:24.649","97646.945257249957649","5241.1371976599675691","5241.1371976599675691","938","75.879723386811022579","14.165694734142174838"
"12/20/2025 21:31:25.661","34436.690926330295042","4696.4060301182080366","4847.4571385075478247","915","75.836965575776275728","14.013702232137815074"
"12/20/2025 21:31:26.649","56156.871036968448607","2187.3382281102126399","68801.913839937071316","1074","76.097013679355612226","16.029320905502348893"
"12/20/2025 21:31:27.662","42012.383907043076761","6855.920214981434583","6855.920214981434583","1047","76.161619829051574015","15.835805510252477291"
"12/20/2025 21:31:28.657","58449.77519858078449","12369.552199108507921","12369.552199108507921","926","76.522792288223925539","15.137207835469970618"
"12/20/2025 21:31:29.650","102363.17982195607328","15744.464066014390482","15778.695539236316108","806","77.153675392538701772","15.137272362110602231"
"12/20/2025 21:31:30.666","61076.240356590453302","6808.7927881361338223","6808.7927881361338223","759","77.402711305162569033","15.104234722107957367"
"12/20/2025 21:31:31.658","54652.374162452542805","3298.95228540108792","3301.975149437802429","755","77.620823070784297215","15.020704985812205479"
"12/20/2025 21:31:32.652","31269.811646293575905","3322.8704688518891999","37993.062740344394115","860","77.668197005444255865","16.068294996442968881"
"12/20/2025 21:31:33.659","25206.038654484691506","3618.4382197561767498","3618.4382197561767498","839","77.58187944478865461","15.8546795526367994"
"12/20/2025 21:31:34.646","8443.2626737640493957","1041.0890582249583076","1041.0890582249583076","840","77.548040910053074981","15.8546795526367994"
"12/20/2025 21:31:35.654","18148.823928031757532","502.03941108594295883","502.03941108594295883","895","77.457694005560526307","15.853647126386718469"
"12/20/2025 21:31:36.660","103736.2095482567529","87360.156841068179347","87360.156841068179347","770","77.695717703945859967","15.733885681377127952"
"12/20/2025 21:31:37.649","54117.267121993318142","6037.29615278332858","6037.29615278332858","774","77.85497393409139022","15.679521986646211218"
"12/20/2025 21:31:38.660","21254.590644359537691","5620.8035018733544348","6380.5319583039663485","813","77.801849408494732074","15.347500157283686661"
"12/20/2025 21:31:39.652","26990.107221733171173","2063.9138074120505735","32537.883349566833203","911","78.002787655685750678","16.318980995291170188"
"12/20/2025 21:31:40.658","26326.762422205207258","7666.8412246559337291","7666.8412246559337291","889","77.989408717953921268","16.318980995291170188"
"12/20/2025 21:31:41.650","37553.079814568933216","17597.26869084350983","17597.26869084350983","905","77.480657253759133596","15.850969270800566946"
"12/20/2025 21:31:42.658","3680.3485848459690715","637.68907034652602306","637.68907034652602306","925","77.417302941302139629","15.850969270800566946"
"12/20/2025 21:31:43.647","5985.8153763083610102","991.57124014834550962","991.57124014834550962","928","77.334036696081525974","15.848904418300399755"
"12/20/2025 21:31:44.655","53523.327877489413368","12847.226806814380325","12847.226806814380325","859","77.350721246877384374","15.653840383675404979"
"12/20/2025 21:31:45.662","37783.929391610909079","4705.2397681145030219","4705.2397681145030219","838","77.377361752413534646","15.628320097306175995"
"12/20/2025 21:31:46.652","69765.381680051694275","6560.3371420015346303","6560.3371420015346303","666","77.677761781420045395","15.628320097306175995"
"12/20/2025 21:31:47.657","91997.238270118061337","21415.159474761367164","21415.159474761367164","485","78.127149114880509728","15.628094254063967128"
"12/20/2025 21:31:48.653","61739.252302296452399","27798.625910608294362","27810.672985759152652","411","78.344185133079108141","15.628481413907749698"
"12/20/2025 21:31:49.661","35287.839462887925038","21855.476620331442973","21855.476620331442973","438","78.268351610346769576","15.612188437148633469"
"12/20/2025 21:31:50.661","37460.11386066221894","11288.445077203721667","13516.927766554235859","582","78.367324424527424753","15.068422436558211785"
"12/20/2025 21:31:51.650","54546.388963696503197","8073.1528818424267229","8073.1528818424267229","560","78.39345635808851398","14.939465945258826096"
"12/20/2025 21:31:52.664","34985.774868464701285","8376.7646694606301025","8402.3786740949908562","586","78.451373050560107458","14.809218921146833026"
"12/20/2025 21:31:53.655","45201.189061770652188","2322.3073880776578335","2322.3073880776578335","688","78.403529682756285979","14.809218921146833026"
"12/20/2025 21:31:54.654","43591.136062360703363","6383.580598754661878","59784.072186457349744","953","78.408302291857140176","16.12204568808789773"
"12/20/2025 21:31:55.672","32786.256388465946657","15227.07332522849174","15227.07332522849174","895","78.410629899802302134","15.57485977554408052"
"12/20/2025 21:31:56.649","84954.033613342224271","4456.0818151352104906","4456.0818151352104906","819","78.709543398280985116","15.57485977554408052"
"12/20/2025 21:31:57.653","48966.694943671427609","4193.2777567267867198","4193.2777567267867198","710","79.212896334755441785","15.57485977554408052"
"12/20/2025 21:31:58.665","38042.139045639887627","5817.2672074625552341","5817.2672074625552341","659","79.354979023187183884","15.5583409555427572"
"12/20/2025 21:31:59.663","23929.330807515201741","2282.8970424457502304","2282.8970424457502304","634","79.457296542696951747","15.5583409555427572"
"12/20/2025 21:32:00.658","68404.81837220012676","2001.3224207819089315","2001.3224207819089315","590","79.605599255209227749","15.5583409555427572"
"12/20/2025 21:32:01.650","19501.637587107870786","1592.8756920818048002","1592.8756920818048002","564","79.750674609036806828","15.5583409555427572"
"12/20/2025 21:32:02.660","91576.042271352111129","3672.1949363928679304","3672.1949363928679304","536","79.78470872151309834","15.553114297651715603"
"12/20/2025 21:32:03.654","30235.25097708298199","1936.8955610651257757","1936.8955610651257757","546","79.643525807103969782","15.551662448237536296"
"12/20/2025 21:32:04.654","13239.445981338647471","814.8275388484545374","814.8275388484545374","559","79.546176474435753789","15.551662448237536296"
"12/20/2025 21:32:05.658","22746.517425279162126","1628.1675781017238478","1628.1675781017238478","565","79.389032716720606686","15.548565169487288173"
"12/20/2025 21:32:06.655","8830.419027465813997","663.28488376760265055","663.28488376760265055","558","79.376729572978049987","15.548565169487288173"
"12/20/2025 21:32:07.664","32538.485570785378513","4753.7034481993014197","4753.7034481993014197","538","79.437130358870405189","15.547532743237205466"
"12/20/2025 21:32:08.656","29155.585474913255894","7176.278876183239845","7176.278876183239845","514","79.549834150716165482","15.547532743237205466"
"12/20/2025 21:32:09.649","44378.719066274730721","6926.6587299750326565","6926.6587299750326565","571","79.760923953671223785","15.516592219055040047"
"12/20/2025 21:32:10.658","23665.041019768148544","3297.2543215705800321","3297.2543215705800321","660","79.494929681414490119","15.428126194751079936"
"12/20/2025 21:32:11.648","35016.502546154697484","950.70167738291809201","950.70167738291809201","767","79.453228106594934843","15.415737079750089222"
"12/20/2025 21:32:12.651","26952.967968661941995","1093.2810101278121238","1093.2810101278121238","898","79.455262324645943295","15.407864829593206579"
"12/20/2025 21:32:13.658","61578.572876831538451","4196.1244332600754205","46353.969011432411207","1104","79.217219068486528499","16.77666845728094458"
"12/20/2025 21:32:14.652","41895.158820756718342","5099.746762525680424","5099.746762525680424","1207","78.966031591167222814","16.747050729231695243"
"12/20/2025 21:32:15.661","41069.725007396220462","14425.480565867615951","14425.480565867615951","1196","79.001219728729040526","16.676878007546392269"
"12/20/2025 21:32:16.657","29899.134073071654711","11600.013085135868096","11600.013085135868096","1249","78.940271278596540583","16.672748302546057886"
"12/20/2025 21:32:17.652","26815.871352975653281","19546.224030386161758","19546.224030386161758","1249","78.852877900668630673","16.662424040045234364"
"12/20/2025 21:32:18.655","14336.062298428712893","4199.2512315428057263","4199.2512315428057263","1220","78.770100669648996927","16.494751564367742702"
"12/20/2025 21:32:19.643","11281.755621747612167","1572.9273493805662838","1572.9273493805662838","1199","78.78177789477207682","16.493977244680184668"
"12/20/2025 21:32:20.651","15646.693608677027441","3190.0833074275542458","3190.0833074275542458","1227","78.321554390322773997","16.44951838928599841"
"12/20/2025 21:32:21.661","17191.545036683408398","3081.9327111687857723","3081.9327111687857723","1229","78.274160897888748423","16.42099761412746517"
"12/20/2025 21:32:22.654","47303.237759387782717","4184.3078779875168038","4184.3078779875168038","1161","78.524253023444728683","15.9695369729584975"
"12/20/2025 21:32:23.665","55483.767564219124324","1721.3307764357919041","1721.3307764357919041","1046","78.921337350951816347","15.870262736348985655"
"12/20/2025 21:32:24.656","16657.369381558055466","3148.1196346040742355","3148.1196346040742355","1036","78.809415939918110894","15.870262736348985655"
"12/20/2025 21:32:25.653","6910.4853371901490391","685.22960007271660743","685.22960007271660743","1031","78.700095992232704134","15.844452080096917967"
"12/20/2025 21:32:26.660","7479.0557642449102786","2087.2245374990443452","2087.2245374990443452","1036","78.64378320021643276","15.844452080096917967"
"12/20/2025 21:32:27.647","24035.177323237585369","7680.8859269945160122","7680.8859269945160122","1004","78.571372683758696098","15.327722741930541517"
"12/20/2025 21:32:28.657","54661.689400098563056","12677.644050671740843","12677.644050671740843","965","78.67496159828151292","15.23832108133744434"
"12/20/2025 21:32:29.647","50093.70484936099092","5104.473612768937528","5112.5503115233186691","917","78.812780226304383291","15.212123265241594083"
"12/20/2025 21:32:30.655","41873.474221015923831","10716.989206886226384","28320.919338627383695","952","78.83550875793106627","15.737434646611786704"
"12/20/2025 21:32:31.670","27583.528884038711112","13079.925086538201867","56668.516989527990518","1079","78.880183440372391601","16.916755794089034737"
"12/20/2025 21:32:32.670","6066.7393341671058806","935.26814137613246203","935.26814137613246203","1071","78.875508643424950606","16.90023697408771497"
"12/20/2025 21:32:33.664","23821.498190479447658","11994.737403262568478","11994.737403262568478","1020","78.888437705786998322","16.679104176648131386"
"12/20/2025 21:32:34.656","16890.551264875288325","4834.5156584758569807","4834.5156584758569807","1020","78.666922491664749373","16.542049591949655962"
"12/20/2025 21:32:35.644","8724.8004198107937555","718.71543080005380943","718.71543080005380943","1023","78.676389455487111491","16.535048451441284101"
"12/20/2025 21:32:36.648","6261.1704407057704884","970.53118913960679492","970.53118913960679492","1020","78.626707470656072019","16.535048451441284101"
"12/20/2025 21:32:37.659","9633.0289748534323735","1833.8264420760103803","1833.8264420760103803","1028","78.512282385144445129","16.532177015933243069"
"12/20/2025 21:32:38.658","13850.808012199766381","1134.5405926707876461","1134.5405926707876461","1009","78.593416623443687286","16.499203902571224489"
"12/20/2025 21:32:39.657","8852.2399680786802492","2056.1462054092062317","2056.1462054092062317","1004","78.562629427426173834","16.353244641465785492"
"12/20/2025 21:32:40.643","11628.242973399215771","2850.0297321671632744","2850.0297321671632744","985","78.524018306872818584","16.353244641465785492"
"12/20/2025 21:32:41.653","6572.1980471211254553","913.27303684185039856","913.27303684185039856","994","78.329221852666051973","16.343178485527481314"
"12/20/2025 21:32:42.663","11872.848801330535935","2645.3436059687905981","2645.3436059687905981","967","78.324097157065779129","16.248969590207437363"
"12/20/2025 21:32:43.651","5178.2077151047205916","825.27685459481483576","825.27685459481483576","967","78.292586253558425824","16.248969590207437363"
"12/20/2025 21:32:44.655","25170.86850305911139","9786.4017932139195182","9786.4017932139195182","928","78.231989866642280163","15.952824573035284672"
"12/20/2025 21:32:45.649","70559.654006730794208","79487.195729339131503","103657.61756398063153","931","78.607206297714085963","16.728402530089578448"
"12/20/2025 21:32:46.659","68218.818278398131952","10281.923484692111742","10281.923484692111742","751","78.568888567054855798","16.622772419377994879"
"12/20/2025 21:32:47.655","12209.81735558541186","2726.0060779095747421","2726.0060779095747421","862","78.497925465576798842","16.024545934095716149"
"12/20/2025 21:32:48.670","19573.574225922748155","2660.2083103764289262","2660.2083103764289262","934","78.525719996198489525","16.020416229095385319"
"12/20/2025 21:32:49.645","8666.1934806114677485","1897.45967975063013","1897.45967975063013","914","78.50819439126834709","16.020416229095385319"
"12/20/2025 21:32:50.652","16176.305143640049209","3952.9722409202036033","27045.241126838376658","991","78.46598424447374498","16.639484819301209484"
"12/20/2025 21:32:51.660","2505.6742357544731021","231.21667205179889493","231.21667205179889493","988","78.470561252550822928","16.639484819301209484"
"12/20/2025 21:32:52.650","2126.2117690768445755","150.42998746080237993","150.42998746080237993","988","78.473456105793232496","16.639484819301209484"
"12/20/2025 21:32:53.668","4130.9642454871936934","115.97758290922885749","115.97758290922885749","988","78.497612517908592622","16.639484819301209484"
"12/20/2025 21:32:54.661","2329.8295235634609526","162.17144543610774576","162.17144543610774576","978","78.485896177237364668","16.639484819301209484"
"12/20/2025 21:32:55.652","2888.9457577233656593","287.48238161702482785","287.48238161702482785","994","78.418884165216908855","16.639484819301209484"
"12/20/2025 21:32:56.662","10115.612947905336114","1017.2069418876706095","1017.2069418876706095","981","78.460194537988911634","16.59302563804748587"
"12/20/2025 21:32:57.663","3359.1983618615554406","232.66742518244424787","232.66742518244424787","988","78.432928113833284556","16.590960785547324008"
"12/20/2025 21:32:58.654","23357.66777140666818","4142.0176897073388318","4142.0176897073388318","932","78.397857322915882605","16.565988975623451296"
"12/20/2025 21:32:59.660","20354.689257012094458","5236.2781036204569318","5236.2781036204569318","927","78.361749853557384426","16.181926410592691212"
"12/20/2025 21:33:00.656","5189.4313100106428465","1518.9803776448254666","1518.9803776448254666","950","78.322923574206171793","16.181926410592691212"
"12/20/2025 21:33:01.654","2960.8793441166617413","318.41719020260347861","318.41719020260347861","941","78.315764683837954863","16.181926410592691212"
"12/20/2025 21:33:02.653","2528.6029438704199492","234.24112781697479591","234.24112781697479591","945","78.307647346124895193","16.181926410592691212"
"12/20/2025 21:33:03.658","5101.9849459090046366","378.29351794057009784","378.29351794057009784","942","78.328048246523380271","16.178441971998662297"
"12/20/2025 21:33:04.662","5132.1276467168772797","1361.9302852975145015","1361.9302852975145015","939","78.32527076320845083","16.178441971998662297"
"12/20/2025 21:33:05.664","5826.7529430793329084","2102.6630737020350352","2102.6630737020350352","929","78.259491007369817339","16.161181095630094973"
"12/20/2025 21:33:06.656","46119.409620746562723","2225.9745216649926078","2225.9745216649926078","874","78.467236081712698592","16.004703992101941168"
"12/20/2025 21:33:07.647","19071.504475333422306","7738.9419767958825105","7738.9419767958825105","864","78.439969657557071514","15.734208314580278909"
"12/20/2025 21:33:08.665","36398.812842952247593","3226.8032981388396365","3226.8032981388396365","784","78.806110326854067694","15.734208314580278909"
"12/20/2025 21:33:09.665","29481.210463935476582","16138.546195376469768","16138.546195376469768","711","78.690589912862179744","15.45655017994866931"
"12/20/2025 21:33:10.659","4027.3651564600681922","401.42860290471327289","401.42860290471327289","715","78.639147518817125615","15.451388048698255773"
"12/20/2025 21:33:11.652","30193.211783770926559","2343.2365201719235301","2343.2365201719235301","693","78.839538101768013689","15.451388048698255773"
"12/20/2025 21:33:12.671","6498.047345609516924","1498.3409261710673945","1498.3409261710673945","696","78.795919655541865723","15.451388048698255773"
"12/20/2025 21:33:13.646","9447.2492692558334966","376.33132332756872529","1342.2825673999657283","787","78.56026268064981366","15.455969440182999008"
"12/20/2025 21:33:14.656","37245.612820879170613","1103.0016397495653564","30152.341952687173034","969","78.913963278502691878","16.400478142407067139"
"12/20/2025 21:33:15.646","76162.337710871579475","7230.806244491547659","7230.806244491547659","1081","78.143325116984385659","16.400478142407067139"
"12/20/2025 21:33:16.653","58843.067115809957613","22072.231972415916971","22072.231972415916971","1061","78.117486573317435727","16.229095384893348353"
"12/20/2025 21:33:17.660","35050.780159320827806","15384.584810964261123","15384.584810964261123","1049","78.07191214013656122","16.219803548642598656"
"12/20/2025 21:33:18.653","22862.416431130674027","4532.8048787119705594","4532.8048787119705594","1026","77.988000418522389623","16.144436432386566338"
"12/20/2025 21:33:19.668","3737.7771635104745656","413.44914634564111111","413.44914634564111111","1022","77.995550510938173261","16.096944824882765346"
"12/20/2025 21:33:20.657","5345.1478020329559513","1129.4986936948187122","1129.4986936948187122","1025","78.010318190327453181","16.096944824882765346"
"12/20/2025 21:33:21.652","30716.221581035926647","1112.8774396218750553","1112.8774396218750553","987","78.131198016491538283","16.094879972382596378"
"12/20/2025 21:33:22.658","14949.450586575898342","407.39612765012418549","407.39612765012418549","979","78.039403673736245537","16.094879972382596378"
"12/20/2025 21:33:23.662","2884.9108000334149438","201.36557761117825294","201.36557761117825294","987","78.036763094839827204","16.094879972382596378"
"12/20/2025 21:33:24.654","54796.463871925428975","9065.9100121278461302","9065.9100121278461302","918","78.143872781224516189","15.824190714939046387"
"12/20/2025 21:33:25.661","8806.2503713149908435","833.53385170727403874","833.53385170727403874","911","78.125682142126763097","15.798380058686980476"
"12/20/2025 21:33:26.653","54244.160424871253781","1409.4891690637896318","1409.4891690637896318","817","78.568966821434202075","15.798380058686980476"
"12/20/2025 21:33:27.663","13655.182298069386889","3443.4893603206292028","3443.4893603206292028","795","78.582560894680810293","15.798380058686980476"
"12/20/2025 21:33:28.667","44663.295399691523926","632.39888016598922604","632.39888016598922604","688","79.253424326715389725","15.798380058686980476"
"12/20/2025 21:33:29.667","43204.254351282048447","3078.6594488539444683","3078.6594488539444683","893","78.023873171308977703","15.795282779936730577"
"12/20/2025 21:33:30.654","15008.589142986971638","646.24956963121326226","646.24956963121326226","886","78.078249534144589461","15.795282779936730577"
"12/20/2025 21:33:31.661","18879.739842490333103","535.50385597549279737","535.50385597549279737","862","78.178082960233581389","15.795282779936730577"
"12/20/2025 21:33:32.655","54044.170853882205847","1291.3395868095494734","1291.3395868095494734","792","78.496106406323633564","15.795282779936730577"
"12/20/2025 21:33:33.661","12465.636788680283644","502.71875468815045451","502.71875468815045451","783","78.49557829985758417","15.795282779936730577"
"12/20/2025 21:33:34.656","41961.411428562234505","496.71564376760625237","496.71564376760625237","705","79.085327051366988371","15.795282779936730577"
"12/20/2025 21:33:35.656","48014.044950561095902","3733.6146909638923717","3733.6146909638923717","876","77.978083579330260022","15.59854105265535118"
"12/20/2025 21:33:36.646","21394.107447510021302","6245.8798749491243143","6245.8798749491243143","852","78.024694667669166392","15.450904098893527561"
"12/20/2025 21:33:37.655","11710.060605291218963","4047.4936334541762335","4047.4936334541762335","831","78.032968490857854249","15.450904098893527561"
